Product Name,Rating,Price,Shop,Category
"Fire-Boltt Ring Bluetooth Calling Smartwatch with SpO2 & 1.7” Metal Body with Blood Oxygen Monitoring, Continuous Heart Rate,",4.0 out of 5 stars,"₹4,799.00",amazon,watches
Goldenize Fashion New Kids Digital Date and Time Black Dial LED Watch for Stylish Kids Unisex Birthday Gift Digital Watch for,3.6 out of 5 stars,₹298.00,amazon,watches
Fastrack Analog Black Dial Unisex-Adult Watch-38024PP25,4.3 out of 5 stars,₹850.00,amazon,watches
"Amazfit GTS2 Mini Smart Watch with 3.94 cm (1.55"") AMOLED Display, SpO2 Level Measurement, 14 Days' Battery Life, 70+ Sports ",4.2 out of 5 stars,"₹5,998.00",amazon,watches
"Panasonic Photo Lithium Battery CR123AW, Pack of 1",4.4 out of 5 stars,₹175.00,amazon,watches
Shocknshop Digital Sports Multi Functional Black Dial Watch for Mens Boys -315RED,3.8 out of 5 stars,₹299.00,amazon,watches
TIMEWEAR Analog Day Date Functioning Stainless Steel Chain Watch for Men,3.8 out of 5 stars,₹339.00,amazon,watches
Redux Analog Linear Designer Dial Men’s & Boy's Watch,3.6 out of 5 stars,₹299.00,amazon,watches
TIMEWEAR Analog Slim Two Hands Leather Strap Watch for Men,3.9 out of 5 stars,₹359.00,amazon,watches
TIMEX Analog Men's Watch,4.2 out of 5 stars,"₹1,299.00",amazon,watches
ASGARD Multi Functional Sports Digital Multicolor Dial Men's Watch,3.8 out of 5 stars,₹299.00,amazon,watches
SWADESI STUFF Square Multi DIAL Analog Silicon Strap ADDI Stylish Designer Analog Watch - for Boys,3.6 out of 5 stars,₹219.00,amazon,watches
Sounce Black Adjustable Band Strap Compatible for Oneplus Smart Band & Oppo Smart Band,4.1 out of 5 stars,₹299.00,amazon,watches
"boAt Watch Blaze with 1.75” HD Display, Apollo 3 Blue Plus Processor, 2.5D Curve Display with Slim Premium Metal Design,24x7 ",3.9 out of 5 stars,"₹3,499.00",amazon,watches
Matrix Day & Date Display Analog Wrist Watch for Men & Boys,3.7 out of 5 stars,₹299.00,amazon,watches
Casio Vintage Series Digital Black Dial Unisex Watch - A-158WA-1Q(D011),4.4 out of 5 stars,"₹1,695.00",amazon,watches
IMPERIOUS - THE ROYAL WAY Analogue Women's Watch (Black Dial),3.9 out of 5 stars,₹739.00,amazon,watches
Acnos Brand - A Branded Watch 4 Different Dial Black-Blue-Pink-White Stainless Steel Silver Band with Silver braclet and Watc,4.1 out of 5 stars,₹325.00,amazon,watches
SWADESI STUFF White Dial Barbie Love Watch Series Analogue Girl's Watch,3.4 out of 5 stars,₹199.00,amazon,watches
VILLS LAURRENS Analogue Men's Watch (Black Dial Black Colored Strap),3.5 out of 5 stars,₹399.00,amazon,watches
TIMEWEAR Digital Men's Watch,3.8 out of 5 stars,₹699.00,amazon,watches
SWISSTONE Analogue Women's Watch (Pink Dial SIlver Colored Strap),4.1 out of 5 stars,₹422.00,amazon,watches
Frozil Digital Watch Shockproof Multi-Functional Automatic Full Black Color Strap Waterproof Digital Sports Watch for Men's K,3.8 out of 5 stars,₹299.00,amazon,watches
TIMEWEAR Analog Number Dial Leather Strap Watch for Men,3.8 out of 5 stars,₹255.00,amazon,watches
MATRIX Day & Date Analog Wrist Watch for Men & Boys (Black),3.7 out of 5 stars,₹299.00,amazon,watches
SELLORIA Boy's Combo Pack of with Black Sunglass with Black Baseball Cap,3.6 out of 5 stars,₹249.00,amazon,watches
SELLORIA Digital Unisex-Child Watch (Black Dial) (Pack of 2),3.4 out of 5 stars,₹259.00,amazon,watches
Sylvi Business Watch Mens Luxury Brand Casual Digital Man Watches Sports Military Brown SY-3022 Analog-Digital Black Dial Boy,4.0 out of 5 stars,₹986.00,amazon,watches
RPS FASHION WITH DEVICE OF R New Look blk led sqr Digital Watch for Boys & Girls & Kids Watch,2.9 out of 5 stars,₹99.00,amazon,watches
LOUIS DEVIN Analogue Women's Watch(Blue Dial Silver Colored Strap)-LD-L144-BLU-CH,4.0 out of 5 stars,₹299.00,amazon,watches
IIK Collection Round Dial Stainless Steel Bracelet Chain Analogue Day & Date Functioning Watch for Women and Girls,3.9 out of 5 stars,₹359.00,amazon,watches
"Fossil Gen 5 Touchscreen Men's Smartwatch with Speaker, Heart Rate, GPS, Music Storage and Smartphone Notifications",4.0 out of 5 stars,"₹14,995.00",amazon,watches
Frozil Digital Watch with Square Led Shockproof Multi-Functional Automatic Black Color Strap Waterproof Digital Sports Watch ,3.4 out of 5 stars,₹399.00,amazon,watches
ASGARD Multi Functional Sports Digital Dial Men's Watch,4.1 out of 5 stars,₹349.00,amazon,watches
RUSTET Analogue - Digital Men's Watch (Black Dial Black Colored Strap - 1155),4.0 out of 5 stars,₹499.00,amazon,watches
Men's Watch,3.8 out of 5 stars,₹359.00,amazon,watches
Sonata Analog Champagne Dial Men's Watch-NN77049YM01/NP77049YM01,4.2 out of 5 stars,₹749.00,amazon,watches
"Helix Timex Metalfit SPO2 smartwatch with Full Metal Body and Touch to Wake Feature, HRM, Sleep & Activity Tracker, 10 Days B",3.5 out of 5 stars,"₹2,199.00",amazon,watches
SWISSTYLE Analog White Dial Women's Watch-SS-703W-703B,3.6 out of 5 stars,₹379.00,amazon,watches
ZUPERIA Diamond Studded Stylish Analogue Watch with Rose Gold Dot Bracelet for Girls & Women,3.8 out of 5 stars,₹279.00,amazon,watches
"SWADESI STUFF Digital Unisex-Child Watch (Multicolored Dial, Black Colored Strap) (Pack of 3)",2.9 out of 5 stars,₹269.00,amazon,watches
"Sounce Active Watch Straps/ Watch Band Compatible for Amazfit GTS 2 Mini, Amazfit Bip/ Bip U/ Bip U Pro/ Bip Lite, Bip S, Ama",4.0 out of 5 stars,₹481.00,amazon,watches
Acnos 4 Colors Magnet Strap Analogue Women's and Girls Watch Sweet Heart 4 Colors Bracelet Combo for Girl's & Women's Watch (,3.8 out of 5 stars,₹359.00,amazon,watches
ADAMO Analog Rose Gold Dial Women's Watch-839KKM21,3.8 out of 5 stars,₹230.00,amazon,watches
Casio Enticer Analog Dial Men's Watch,4.4 out of 5 stars,"₹2,495.00",amazon,watches
Fastrack Tees Analog Black Dial Men's Watch -NG38022PP03C / NG38022PP03C,4.4 out of 5 stars,₹795.00,amazon,watches
TIMEWEAR Analog Pink Butterfly Silver Dial Stainless Steel Strap Watch for Women - 288SDTL,4.3 out of 5 stars,₹329.00,amazon,watches
Rapidotzz Pack of 3 Replacement Belts/Straps Compatible for Fitbit Charge2 Bands Replacement Wristband Straps (Set 3),4.1 out of 5 stars,₹299.00,amazon,watches
SKMEI Men's Digital Sports Watch 50m Waterproof LED Military Multifunction Smart Watch Stopwatch Countdown Auto Date Alarm,4.2 out of 5 stars,₹799.00,amazon,watches
PIRASO Stunning Look Crystals Studded in Dial with Day and Date Display Chain Watch for Men Boys,3.8 out of 5 stars,₹319.00,amazon,watches
Redux Analogue IPG Golden Dial Men’s & Boy's Watch,3.6 out of 5 stars,₹349.00,amazon,watches
Swadesi Stuff Multi Dial Square 6 Crono Stylish Latest Generation Designer Rubber Strap Analog Watch - for Boys & Girls,3.6 out of 5 stars,₹219.00,amazon,watches
"Noise 19mm Silicone Smart Watch Strap Compatible with ColorFit Pulse, Beat, Pro 2/Oxy Smartwatch Straps for Men & Women (Wine",4.0 out of 5 stars,₹499.00,amazon,watches
CERO Queen Dial Leathers Strap Analog Women and Girls Watch,3.8 out of 5 stars,₹206.00,amazon,watches
SHASHIKIRAN Watch for Boys Spider Man Kids Light Glowing Watch with Music Tune and Face Cover Multicolor Led Digital Light Ki,4.3 out of 5 stars,0,amazon,watches
Redux Analog Brown Designer Dial Men’s Watch,3.4 out of 5 stars,₹289.00,amazon,watches
Acnos Brand - A Branded Watch 4 Dial Black-Blue-Pink-White Stainless Steel Silver Band Wathces with Heart Diamond Silver brac,4.0 out of 5 stars,₹349.00,amazon,watches
Acnos 3 Color Army Shockproof Waterproof Digital Sports Watch for Mens Kids Sports Watch for Boys - Military Army Watch for M,3.9 out of 5 stars,₹310.00,amazon,watches
SF Venus Digital Grey Dial Men's Watch-NL7982PP04/NM7982PP04,4.1 out of 5 stars,₹499.00,amazon,watches
Fastrack Analog Black Dial Unisex-Adult Watch-9915PP56,4.2 out of 5 stars,₹950.00,amazon,watches
